freq 0.49 V,real 0.49 V,imag 0.49 V,fit_real 0.49 V,fit_imag 0.49 V,freq 0.69 V,real 0.69 V,imag 0.69 V,fit_real 0.69 V,fit_imag 0.69 V,freq 0.89 V,real 0.89 V,imag 0.89 V,fit_real 0.89 V,fit_imag 0.89 V,freq 1.09 V,real 1.09 V,imag 1.09 V,fit_real 1.09 V,fit_imag 1.09 V,freq 1.29 V,real 1.29 V,imag 1.29 V,fit_real 1.29 V,fit_imag 1.29 V,freq 1.49 V,real 1.49 V,imag 1.49 V,fit_real 1.49 V,fit_imag 1.49 V,freq 1.69 V,real 1.69 V,imag 1.69 V,fit_real 1.69 V,fit_imag 1.69 V,freq 1.89 V,real 1.89 V,imag 1.89 V,fit_real 1.89 V,fit_imag 1.89 V
7943.282347242822,-0.00043610830658142826,0.0005005479045603991,,,7943.282347242822,-0.0006130247846632109,0.0004252492489989302,2.367945678563506e-07,0.0003281561215599356,7943.282347242822,-0.00046831423132280515,0.0004335056925015111,-8.727786014782864e-07,0.0003929597573308208,7943.282347242822,-0.0008164472719098642,0.0006323181037710405,-1.199045716727327e-05,0.000554071541325607,7943.282347242822,-0.0009312406867374781,0.0009001789249459493,-2.2287735749237487e-05,0.00040083433523512544,7943.282347242822,-0.0006339960905148462,0.0003489038228466893,-2.360779891247912e-05,0.00016330402550285248,7943.282347242822,-0.000725532138458376,0.0003186889729695981,-2.4410726858628758e-05,0.00017783850283366242,7943.282347242822,-0.000528419293501128,0.00041701144761005027,-2.4869203050251592e-05,0.00012596125081840238
5947.835851664276,-0.00020168344372506353,0.00025538591882211747,,,5947.835851664276,-0.0002834738782277995,0.0002056735234086888,3.816116866913414e-07,0.00023635714889336324,5947.835851664276,-0.0003618038401955958,0.0002658909219979866,-1.5479391662810773e-06,0.0002586604315787121,5947.835851664276,-0.00034487449667120395,0.0005395325549397214,-2.1174654900838428e-05,0.0003936082688887923,5947.835851664276,-0.00048644625782406757,0.00037118260448953694,-3.9340003245953026e-05,0.00030317198475300297,5947.835851664276,-0.0003557232443875185,0.00013674486335587372,-4.163022005072209e-05,0.00011657186646071602,5947.835851664276,-0.00029405547346954747,0.0002137967945165226,-4.3038113266477676e-05,0.00012607851347381355,5947.835851664276,-0.0004977061765985594,0.00016384277626277897,-4.3835566069519136e-05,9.167410701893307e-05
4453.669122138464,-0.00012903879067135114,0.00015574657129550424,,,4453.669122138464,-0.0002043823910250497,0.00013963047744830305,6.262791164416248e-07,0.00016452492294444663,4453.669122138464,-0.0002772405180222981,6.457362372257852e-05,-2.6441910295989785e-06,0.0001457720728837502,4453.669122138464,-0.0003699811653914517,0.0002455529747213025,-3.700681509726253e-05,0.00026393250220731554,4453.669122138464,-0.00023309114744596114,1.1249556734115528e-05,-6.883467319545831e-05,0.0002269385109918204,4453.669122138464,-0.0002345106874292767,-5.607366874142572e-06,-7.276972246931009e-05,7.520957090038192e-05,4453.669122138464,-0.00014947472120805234,4.5398920155954186e-05,-7.520434466244002e-05,8.028852334623788e-05,4453.669122138464,-0.000334447064355938,-8.924944090298614e-05,-7.657744012188049e-05,6.0353167459679996e-05
3334.8547512351884,-0.00012014877370139886,8.669656662561303e-05,,,3334.8547512351884,-0.00016038137732842097,0.00011973753015295921,1.0238972938500461e-06,0.00010665827338386624,3334.8547512351884,-0.00017323629095806968,1.907069829698231e-05,-4.290186195196363e-06,4.4333310957259e-05,3334.8547512351884,-0.0002798942504582245,5.917764576976978e-06,-6.365286149956151e-05,0.0001512428732444439,3334.8547512351884,-5.899315948882767e-05,-0.00024265668251488193,-0.00011876648745328169,0.00016071303168782954,3334.8547512351884,-0.0002034881608098751,-0.00015462910085089194,-0.00012538924843681176,3.0345325124575735e-05,3334.8547512351884,-0.00017765063823031843,-0.00019112719774952962,-0.00012950495842807894,3.098852686285305e-05,3334.8547512351884,-0.0001984283684606864,-0.00029309779516232973,-0.00013182234213068592,2.3618626057908426e-05
2497.0997860065436,-0.00011995798320929506,2.1840632889958358e-05,,,2497.0997860065436,-0.0002208985388015183,5.441983170577693e-05,1.63036536579357e-06,5.7977376277686815e-05,2497.0997860065436,3.591184449663117e-06,-5.503440033412054e-05,-6.396768308414934e-06,-5.504841667350259e-05,2497.0997860065436,-0.0002474885956557068,-1.245644236753463e-05,-0.00010681492127028293,4.0269225224936754e-05,2497.0997860065436,-0.00015875683744500798,-0.0003132184051085128,-0.00020046425982364632,8.878770832078029e-05,2497.0997860065436,-0.00018243692531315166,-0.0002970524601001677,-0.00021121650349059768,-3.268439398647078e-05,2497.0997860065436,-0.0002683321610579134,-0.00034126030718814674,-0.00021792596018322617,-3.7312683360017835e-05,2497.0997860065436,-0.0003225960635906388,-0.0003095825079304867,-0.00022170881959306365,-3.318553654911254e-05
1869.798778781706,-3.494104244421136e-05,-2.2923687597300275e-05,,,1869.798778781706,-7.036955825654619e-05,-6.822471312192256e-05,2.4672569280399983e-06,1.452800685244873e-05,1869.798778781706,-9.733461236356044e-05,-0.0001448218467046357,-8.13723783161624e-06,-0.00016210447758843217,1869.798778781706,-0.00023897825605859047,-0.00036681193761294956,-0.00017278261403735627,-8.883896949022914e-05,1869.798778781706,-0.0001257902607661264,-0.0005400511990252843,-0.00032747769271837475,-1.358843162688314e-05,1869.798778781706,-0.00014537341833882337,-0.0005165799333418281,-0.0003439591162376466,-0.0001391684242250973,1869.798778781706,-0.0002087806992791328,-0.0005280479098917595,-0.0003543018874523218,-0.0001511153298596981,1869.798778781706,-0.00025100031357450634,-0.0005417831767965945,-0.0003601749608234829,-0.00013594984694450892
1400.0832056153952,-5.971223037709267e-05,-6.718134953045306e-05,,,1400.0832056153952,-0.00012656709705876788,-0.00012586760815270278,3.457620691811756e-06,-2.7193978511700526e-05,1400.0832056153952,-8.091663893005068e-05,-0.00037411050286739744,-6.953755160644262e-06,-0.00028748597587057595,1400.0832056153952,-0.00017183861619473126,-0.0006226519787140776,-0.0002655127179845063,-0.0002635308555743234,1400.0832056153952,-0.00016185770936613024,-0.0007268891972050102,-0.0005112576198431441,-0.0001853202875737935,1400.0832056153952,-0.00015980104854389817,-0.0007713869852709877,-0.0005344008477221317,-0.0003301454461223641,1400.0832056153952,-0.00017791559519869362,-0.0008460946203496908,-0.0005490785998909246,-0.00035312445529743703,1400.0832056153952,-0.0003392318433418218,-0.0007528673147331524,-0.0005575928713639696,-0.0003268926848199594
1048.3657412181533,-3.231184109162237e-05,-6.5557484974588e-05,,,1048.3657412181533,-0.00011304731897918331,-0.00018680706666117925,4.384704130073305e-06,-7.067946478451013e-05,1048.3657412181533,-3.230790680113353e-05,-0.0004052947994930811,2.796217257065899e-06,-0.0004425775046839922,1048.3657412181533,-1.4544009706294445e-05,-0.0009755057000080505,-0.00038151505246772604,-0.000520060916327653,1048.3657412181533,-0.00013025633047478955,-0.0011232146827739355,-0.0007529877732622713,-0.00048219142594935357,1048.3657412181533,-0.00015690404283659823,-0.0010142020620885778,-0.0007814098728528528,-0.0006647434366415705,1048.3657412181533,-5.406313840712776e-05,-0.0011063643439792603,-0.0007998748635504231,-0.0007043743074907556,1048.3657412181533,-0.00031918827812512805,-0.001098124550216694,-0.0008112256737519173,-0.0006664272660775421
785.0038647358822,-3.656389529610866e-05,-0.0002745435815106722,,,785.0038647358822,3.4947368321605667e-05,-0.000262105603355264,4.996975041981142e-06,-0.00011993058779811433,785.0038647358822,7.372964160863738e-05,-0.0007645133551461935,3.0970281793383824e-05,-0.000638250332538208,785.0038647358822,8.207342938064649e-05,-0.0010580195063371964,-0.0005040845656478884,-0.0009011584209105833,785.0038647358822,-0.0001854430923754037,-0.0014249896938642722,-0.0010336944367826254,-0.0009741926024260477,785.0038647358822,-0.000252483641587823,-0.0015732123052410586,-0.0010613948679508581,-0.001216499324706272,785.0038647358822,-0.00023359550025207692,-0.0015631142396788035,-0.0010806522762869916,-0.0012799368987054958,785.0038647358822,-0.0003622625625592582,-0.0014832725805650618,-0.0010945083385207317,-0.001228472998129796
587.8016072274918,8.874772485315726e-05,-0.00020451072459808008,,,587.8016072274918,0.00011526619756947812,-0.00031945033508118327,5.38675443310807e-06,-0.00017996952943806428,587.8016072274918,9.842602816519805e-05,-0.0009198964689977991,9.182210976222218e-05,-0.000882873874742952,587.8016072274918,6.604495782189896e-05,-0.0016366768910489368,-0.0005995239135055383,-0.0014502776436186424,587.8016072274918,-5.34047441280852e-05,-0.0019406490268681414,-0.001306759779524071,-0.0017371249889641595,587.8016072274918,-0.00017470329477929143,-0.0021308003467201677,-0.0013208500158073911,-0.002063557354694703,587.8016072274918,-0.0001858597335086595,-0.002124414795532518,-0.0013344593050558986,-0.0021583031386396877,587.8016072274918,-0.00028404532809289305,-0.002129229449355292,-0.001350257673626929,-0.0020895304299044888
440.1388897307799,8.746355962241393e-05,-0.0002997379685409073,,,440.1388897307799,9.546543763225674e-05,-0.0002970356226284387,6.649037511983828e-06,-0.0002571346167454734,440.1388897307799,0.0001055601380561765,-0.0011037674376459532,0.00020302385851890507,-0.0011803643285434185,440.1388897307799,0.00018305291194015602,-0.002144000889155404,-0.0006168575346186,-0.0022044706744665955,440.1388897307799,-0.00015123014189787174,-0.0026366029809109354,-0.001495550020927895,-0.002841259054888222,440.1388897307799,-0.0001412243506632361,-0.002835263361054213,-0.0014748334084450326,-0.003276105727097242,440.1388897307799,-0.0003247195228490654,-0.002962806280617138,-0.0014726496751603772,-0.0034082089894328714,440.1388897307799,-0.00025722686335826785,-0.0028668690538603742,-0.001490584909423852,-0.003315598225773849
329.57079373631075,0.00015033441681994462,-0.0003729217602203867,,,329.57079373631075,0.00015451106070544742,-0.0004421934849081744,1.1682688085893006e-05,-0.000359008309089789,329.57079373631075,0.00047829863648553815,-0.0014731308658084146,0.00038391798440680613,-0.0015288288340122341,329.57079373631075,0.00051493755430534,-0.00254326753095938,-0.0004906058582398442,-0.0031878250869197588,329.57079373631075,-1.440318144704655e-05,-0.003421989479067056,-0.0014959926474916452,-0.0043400194835119775,329.57079373631075,-0.00010293126412911176,-0.003770616707563356,-0.001410884968090229,-0.004904449029686291,329.57079373631075,-9.13321281012892e-05,-0.003911058575693837,-0.001379818676918707,-0.00507660470916446,329.57079373631075,-0.0003241563937265238,-0.0039247451424107875,-0.001402416933446399,-0.0049507309960744655
246.7787114890476,-1.6427611769465094e-05,,,,246.7787114890476,2.7514662284190564e-05,-0.00027807393371207526,2.5946172713707738e-05,-0.0004939349618179882,246.7787114890476,0.000780647783088347,-0.0013991666076798941,0.0006534577306744928,-0.0019198889499586588,246.7787114890476,-0.00015898134710625356,-0.0033312058487751095,-0.00014560887767872622,-0.004406190824289407,246.7787114890476,-0.0002497855227036523,-0.005012785505212547,-0.0011828927157970103,-0.006260031689134491,246.7787114890476,0.0005615968888734847,-0.005213293765567175,-0.0009967601448515532,-0.006969113847448221,246.7787114890476,0.00021226695353839437,-0.005106335729495826,-0.0009224997003252118,-0.007179204240764342,246.7787114890476,-0.00012090533786584745,-0.0056963728901997975,-0.0009563802659352166,-0.00700851501636827
184.78497974222927,0.0001450193506210649,-0.0003206348686327358,,,184.78497974222927,0.00022594144640536364,-0.0006083243303967876,5.800647452741511e-05,-0.0006701690851423631,184.78497974222927,0.0008275498728078892,-0.0018754537104397047,0.0010280633868955068,-0.0023385836726267316,184.78497974222927,0.0009939553762052479,-0.004802725758296854,0.000496669012436354,-0.005843327612212784,184.78497974222927,0.00027409472929121656,-0.006311829701791831,-0.000419280048239552,-0.008593004320093594,184.78497974222927,0.0004027791760823995,-0.007151212688426821,-9.101076484469104e-05,-0.009453344632516559,184.78497974222927,0.00031342587428798737,-0.00724799181512044,3.958823730913308e-05,-0.009693857887183719,184.78497974222927,2.0502792593855065e-05,-0.007312488816188557,-1.7728073883917488e-05,-0.009466441786728381
138.3648068032461,9.028793061554332e-05,-0.0003392152083699164,,,138.3648068032461,0.00047543782004958216,-0.0008291376060123446,0.00011975825954677902,-0.0008947344186076037,138.3648068032461,0.001171865523262964,-0.0024614551856740664,0.001519479676701599,-0.002763817217828991,138.3648068032461,0.001307451413353868,-0.0057713861391570295,0.00151060122921232,-0.007458727007102978,138.3648068032461,0.0008341629052647898,-0.008336601649770015,0.0009315270901112904,-0.011290095821945859,138.3648068032461,0.0009813910853126604,-0.009389260552497825,0.001444047309966395,-0.012298513939085556,138.3648068032461,0.0009116436617523099,-0.009918935374955376,0.0016403520920041182,-0.012557107513123545,138.3648068032461,0.0007052313159755536,-0.009682585871181681,0.0015412688783314594,-0.012263294546140224
103.60593046256353,0.0002484132973242737,-0.0009261464533762891,,,103.60593046256353,0.0004780723791571582,-0.0010342921749793147,0.00022621989549600092,-0.0011720990701456467,103.60593046256353,0.0017100139429969906,-0.0029354525661747445,0.0021327377504867114,-0.003169404852294314,103.60593046256353,0.0020465091088202637,-0.007730727347983539,0.0029579872081174647,-0.009187613007913372,103.60593046256353,0.0017044786865367324,-0.010997193147250497,0.0029916882489020528,-0.014259801927615666,103.60593046256353,0.0019039011771301685,-0.012198725826015043,0.0037276477852076517,-0.01540337253054704,103.60593046256353,0.001922881223209779,-0.012814787522250872,0.003992949875353727,-0.015664654128611732,103.60593046256353,0.0019314584677426715,-0.012699913659817957,0.003828106535357323,-0.015300084601730478
77.57889506019765,0.00028030327135819826,-0.0008146989120865957,,,77.57889506019765,0.0007493487512049925,-0.0012419330403376945,0.00039484158975136146,-0.0015027974474590025,77.57889506019765,0.002144385490627322,-0.0035763397960343335,0.0028644156862729815,-0.0035257719766173846,77.57889506019765,0.0032077638221761867,-0.009647249714380166,0.004879486977084763,-0.010943651996171293,77.57889506019765,0.0031509760569933126,-0.014435047782406374,0.005853622313538595,-0.01737045767373524,77.57889506019765,0.0036663922100275007,-0.015977610940144715,0.006845477285206636,-0.01862808435418969,77.57889506019765,0.003804077830744062,-0.016662651720501347,0.007175552027865587,-0.018876454651117765,77.57889506019765,0.003490061766979523,-0.016442346413363854,0.006917156999876141,-0.01844511575609263
58.09015885375258,0.0003861900021513578,-0.0010229269387323093,,,58.09015885375258,0.0006833785480310694,-0.001469342502485089,0.0006442966359096847,-0.0018821555493054986,58.09015885375258,0.0030204457774846236,-0.003873999064444961,0.0037014576946697063,-0.003802273209577247,58.09015885375258,0.004869597661335015,-0.01220448898824206,0.007286968185539873,-0.012624629871739044,58.09015885375258,0.005733451195151767,-0.018630868309006128,0.009565633026107311,-0.0204580118777276,58.09015885375258,0.006507497190000341,-0.020382668633490714,0.010836082713969361,-0.021803479288827823,58.09015885375258,0.007011196914744656,-0.02107792171531203,0.011219068734861695,-0.022026640600190373,58.09015885375258,0.006935109317294247,-0.020875794989890038,0.010838714417358623,-0.021543295904897293
43.497223736375446,0.00044328142525859295,-0.0013343300664007554,,,43.497223736375446,0.001147491441667368,-0.0019031446852141277,0.0009927743205023361,-0.0022993000809197342,43.497223736375446,0.004070123800112534,-0.004290789644041495,0.004620805624234527,-0.003969975313139699,43.497223736375446,0.0074354470674863555,-0.014396533874603762,0.010157982171844694,-0.014120892853620583,43.497223736375446,0.009249424443581173,-0.023245364013343928,0.014120549826684932,-0.0233389496494701,43.497223736375446,0.010803870739496997,-0.025189788484638112,0.015680936389626567,-0.024745108513234408,43.497223736375446,0.011616500098671205,-0.025799291187568716,0.01609879893776056,-0.024937639890074022,43.497223736375446,0.011557738439302644,-0.02563815546508393,0.015571685930133599,-0.024429085699472303
32.57020655659786,0.0008841667087867585,-0.0017667360698084566,,,32.57020655659786,0.0014068944199717318,-0.0027256956663851348,0.0014558579813475604,-0.00273664486177718,32.57020655659786,0.0051796223622154886,-0.004312553214607565,0.005590027810476664,-0.004004640298835975,32.57020655659786,0.010928471684213395,-0.016462887321028966,0.013433505636110895,-0.015325828721012876,32.57020655659786,0.01450151115960809,-0.027811229191524293,0.01944950518848686,-0.02582731166227676,32.57020655659786,0.01650830336044968,-0.030041159779952323,0.02130011222133959,-0.02727075571331088,32.57020655659786,0.017809237576203653,-0.03013916519598678,0.021731660811464562,-0.027437048128820935,32.57020655659786,0.017706167289195895,-0.0297972734662989,0.02104133952590208,-0.026941741841936998
24.388185360260575,0.0009014510427521771,-0.0022302242829583398,,,24.388185360260575,0.0017009132459978786,-0.0027431833868903333,0.0020441487969968986,-0.0031700357438477194,24.388185360260575,0.006091642126569504,-0.004495981204931857,0.006569020854739285,-0.0038895694502986662,24.388185360260575,0.014975549805539445,-0.019100986451340108,0.017019763385741418,-0.016147170821776427,24.388185360260575,0.02180729911055353,-0.031642259499631925,0.02542247972348651,-0.027753841427419327,24.388185360260575,0.024417326974634775,-0.03346182558051664,0.02755488319854449,-0.029219222469407797,24.388185360260575,0.02551721841103157,-0.03370406832497699,0.02797997948244475,-0.029375106307199254,24.388185360260575,0.024961622555465385,-0.03290686659802299,0.02712288333102206,-0.028940938556905584
18.261584682702626,0.0012399631645001205,-0.002687978975610726,,,18.261584682702626,0.002213276889404817,-0.0037629958584589583,0.0027608710300906234,-0.00356969105350466,18.261584682702626,0.0076797113817206,-0.00449594885019361,0.007512722476731832,-0.0036179351097932913,18.261584682702626,0.019786607880196982,-0.019800324000809746,0.020794386891295306,-0.016517553696394488,18.261584682702626,0.03025108101176336,-0.03443771986323954,0.03185630960159608,-0.02898460460851537,18.261584682702626,0.033558604447729914,-0.03565662074239687,0.03425751210615138,-0.030467686344896237,18.261584682702626,0.03429116677329132,-0.03576072231949696,0.03466180781163973,-0.03064028197349645,18.261584682702626,0.03376171225343469,-0.03397406481805606,0.03365076257245325,-0.030320591585204296
13.674058573743597,0.0016211171150221793,-0.00314039089659805,,,13.674058573743597,0.0030936497059623237,-0.003814826236994859,0.0035997546185109917,-0.0039019994362500506,13.674058573743597,0.008909829380047607,-0.004064022399001881,0.008374621876091448,-0.0031942456629771693,13.674058573743597,0.025584089912662606,-0.020000306065602786,0.024616439283529454,-0.016402664516418395,13.674058573743597,0.03911448582882267,-0.03494138750501884,0.03852960699047163,-0.029436203048140024,13.674058573743597,0.04277204851408713,-0.0355746568731675,0.04118726098304771,-0.030944925684502272,13.674058573743597,0.04368701881400274,-0.03543300816296701,0.04156662880767494,-0.031170576376727606,13.674058573743597,0.04176714373977177,-0.03405972592565683,0.04043260372853856,-0.03101887548678192
10.238973294320845,0.0025201452412001476,-0.0036744696755050483,,,10.238973294320845,0.0038577451118249157,-0.004099410955431967,0.004543525238870725,-0.004132134211655094,10.238973294320845,0.009683519011094608,-0.003152870885900062,0.00911071050183397,-0.0026346716982155456,10.238973294320845,0.031060193789262502,-0.018496409917498534,0.02833910370549865,-0.01580560027027988,10.238973294320845,0.04836769612169497,-0.0333950352038856,0.04520276637550745,-0.029085088162706968,10.238973294320845,0.051755222559245743,-0.03413252366433687,0.04811048586811477,-0.03063829277439537,10.238973294320845,0.05138278725088947,-0.033673052363182215,0.048474305339714516,-0.0309588278965099,10.238973294320845,0.04958479937369722,-0.033198556078034305,0.047265941045245244,-0.031023015557050934
7.666822074546222,0.0037401029544468323,-0.004677315065937122,,,7.666822074546222,0.0043320191244512985,-0.004551994197035476,0.005563328106072411,-0.004227318409668207,7.666822074546222,0.01037217729479924,-0.002485082430363533,0.009683415135634109,-0.001966104394164731,7.666822074546222,0.03484153372101705,-0.016379706554746208,0.031823282713750664,-0.014766638791626704,7.666822074546222,0.056107089758798856,-0.030806213873446793,0.05164024330680134,-0.027969430252793602,7.666822074546222,0.05896314665676612,-0.03125767003140852,0.05480192084399478,-0.029593392459904666,7.666822074546222,0.059253909525151464,-0.031305494445367926,0.055174571557852214,-0.030051324578879778,7.666822074546222,0.05776698777161903,-0.03168490144465483,0.053955429474130824,-0.030368317260755902
5.740825670026142,0.004303376622531475,-0.004725208221920432,,,5.740825670026142,0.005811835279225629,-0.004660097763815451,0.006619356136052534,-0.0041604392369018525,5.740825670026142,0.011035972359071135,-0.0013277666018937549,0.010065023562678833,-0.001223995791912595,5.740825670026142,0.03790222448390458,-0.01388433873001799,0.03495014969499406,-0.013358433014162443,5.740825670026142,0.06265812529744408,-0.02646274483073455,0.05763186043045579,-0.026183313695956296,5.740825670026142,0.06557208829706904,-0.027762942697452525,0.06106409078984967,-0.02790672478303674,5.740825670026142,0.064608434761686,-0.02818601500845547,0.06148435112267055,-0.028540214419662747,5.740825670026142,0.0635430460727797,-0.029557594797829188,0.06032826944656629,-0.029131850504969845
4.298662347082281,0.005703819152122978,-0.005526810357086189,,,4.298662347082281,0.007183074117908014,-0.004843563515294549,0.00766283468856542,-0.0039135868894829146,4.298662347082281,0.011068075645948385,-0.0002506315530381488,0.010240160216533414,-0.00044921170051216296,4.298662347082281,0.04045910326918647,-0.010881070417599652,0.037630891185191584,-0.01167744591515768,4.298662347082281,0.06724653390991718,-0.022737395062466782,0.06301013119738019,-0.023864386035347056,4.298662347082281,0.07060114742360012,-0.024485755141982934,0.06674225161498454,-0.025712755242921437,4.298662347082281,0.07019113425307696,-0.02506159837012329,0.06726072000787994,-0.026551217657493957,4.298662347082281,0.06893556558872156,-0.027147241989817588,0.06624600275470917,-0.02742201728422567
3.218787511821239,0.007409103041928476,-0.005587699240954215,,,3.218787511821239,0.008970592597025057,-0.004386430404960439,0.008639334562752447,-0.003481013257011027,3.218787511821239,0.010975637761869942,0.0006852115677255589,0.010206989436993526,0.00031572094750436465,3.218787511821239,0.041859678662393054,-0.00889034153270971,0.03981242817107561,-0.009833060306227645,3.218787511821239,0.07105353135793367,-0.019386538348831694,0.06766142335510547,-0.021177165813420735,3.218787511821239,0.07377786208147039,-0.021796277769959623,0.07173319545876305,-0.02316770769731421,3.218787511821239,0.07439425450295672,-0.022482972168427196,0.07240823764343667,-0.02422877466421908,3.218787511821239,0.07367974068670954,-0.024258012695359377,0.07161155263354624,-0.02536574691235531
2.4101900102222777,0.008600328640535528,-0.005309255391178342,,,2.4101900102222777,0.009764164725897619,-0.004255338612497633,0.009493163725894715,-0.0028710064677269632,2.4101900102222777,0.010636745207254952,0.0016854865554434655,0.009976998741703895,0.0010304968028986001,2.4101900102222777,0.04269219222532706,-0.0068240476947110575,0.041478656216440785,-0.00793608694261622,2.4101900102222777,0.07364277863373443,-0.015847638489765066,0.07152998493440532,-0.018294774212788918,2.4101900102222777,0.0773421022113674,-0.018306882039785234,0.07598742002634495,-0.02043267923422964,2.4101900102222777,0.07824760717444855,-0.019883527451160527,0.07688040113744471,-0.02172090988706673,2.4101900102222777,0.07739303498774723,-0.02162540928996568,0.0763712006398432,-0.023095219517417147
1.804721766827172,0.009916105210431746,-0.004599962613023729,,,1.804721766827172,0.011092595255032107,-0.002903986043113009,0.010172369638003624,-0.0021062798707622912,1.804721766827172,0.00961487262863978,0.0024265999233840136,0.009573415103729678,0.001660550846441408,1.804721766827172,0.042660744584180225,-0.005119573437814052,0.04264750893227705,-0.006088321531378865,1.804721766827172,0.07524075743121092,-0.012686235490007587,0.07461511985155263,-0.015381819401368974,1.804721766827172,0.07954784848658562,-0.014975423406524416,0.07950526581725555,-0.01765845367680075,1.804721766827172,0.08133264203964871,-0.017521822647782476,0.08067589184215568,-0.019165800798696946,1.804721766827172,0.08107792468699533,-0.01908800660631174,0.0805119502608743,-0.02073583869319196
1.3513543089324371,0.011265197025801836,-0.004352419768313722,,,1.3513543089324371,0.011919041323490023,-0.0014890743401399424,0.01063372201563276,-0.0012226751833997762,1.3513543089324371,0.008915461316486437,0.002777890603509721,0.009028499372630549,0.002179780532226355,1.3513543089324371,0.04360580703443148,-0.0036091386931439103,0.04336475986163751,-0.0043744298548100465,1.3513543089324371,0.07636113445422042,-0.01122089562357722,0.07696284352178895,-0.012580612771428367,1.3513543089324371,0.08204530443368044,-0.012987450033960846,0.08232845140437317,-0.014973769672192199,1.3513543089324371,0.08345598894314053,-0.01581406670005719,0.08383091667001202,-0.01668145530717089,1.3513543089324371,0.08420532490265062,-0.017316039110129428,0.08405529737189736,-0.0183967452642814
1.0118781198504518,0.01400621570759065,-0.00336580772943956,,,1.0118781198504518,0.012076014277640386,-0.0007334881862924606,0.010846987571017739,-0.0002662460102303328,1.0118781198504518,0.00809397238189821,0.003182089453890452,0.008380113528945389,0.002572169846226549,1.0118781198504518,0.042644690964778416,-0.002340623088244431,0.04369583394026563,-0.002856895969498807,1.0118781198504518,0.07791146564723132,-0.00911322517272695,0.07865398429833208,-0.010002031338682051,1.0118781198504518,0.08388226069360641,-0.011805817547863511,0.08452887048578567,-0.012477978063013552,1.0118781198504518,0.08504266901533233,-0.012799659233590138,0.08640923775187177,-0.014359201702272829,1.0118781198504518,0.08699079138242792,-0.014801746345509223,0.08704874617223723,-0.01616460431565643
0.7576823655085387,0.01422199651191186,-0.0011038166242478135,,,0.7576823655085387,0.011998031195396767,0.0010903730002464578,0.010797878316962634,0.0007109345961987097,0.7576823655085387,0.007161234074161878,0.0031023497651145953,0.007668035547267555,0.002832190133596979,0.7576823655085387,0.04250929914748463,-0.001234575659614508,0.04371697943641695,-0.0015741905405643776,0.7576823655085387,0.0790911705121889,-0.007180847239571616,0.0797908697714293,-0.007721398813164176,0.7576823655085387,0.08486613386534718,-0.009467142716831266,0.08619655176258069,-0.010238201653917771,0.7576823655085387,0.08811906755288851,-0.011117404256012537,0.08849146407425879,-0.012261039915998343,0.7576823655085387,0.08891657488671187,-0.013805679116042177,0.08955647066568456,-0.014100824474998577
0.5673435918225612,0.013099648570425428,0.0013150837194495144,,,0.5673435918225612,0.01134393789647184,0.00237782496072289,0.010489247978810234,0.001655671384527626,0.5673435918225612,0.00648404431990187,0.002975668068843652,0.006930494762519431,0.0029640395193560962,0.5673435918225612,0.04300936135255546,-0.001126074505555531,0.043506995913745974,-0.0005418195006246197,0.5673435918225612,0.07887216979184235,-0.005469118802738121,0.08048451326409682,-0.005778944518606522,0.5673435918225612,0.08660932354123155,-0.007906371490186631,0.08742840499910498,-0.008290442466312694,0.5673435918225612,0.08975354905707832,-0.00959916357443507,0.09016493379917484,-0.010420394637322118,0.5673435918225612,0.09047486834495651,-0.012742406740806707,0.09165036534770736,-0.012241876627841503
0.42482016981626164,0.013058214571987194,0.0035108404399946166,,,0.42482016981626164,0.010394886791303461,0.0035775564306097596,0.009940392259857222,0.0025185527035857503,0.42482016981626164,0.0057426426697536,0.002775718630170324,0.00620132240604254,0.002979944480465528,0.42482016981626164,0.041587207298830066,-0.0006860549769968733,0.0431404005159445,0.00024443112804795454,0.42482016981626164,0.0792052937921252,-0.004029911406307216,0.08084373345678564,-0.004183839088580494,0.42482016981626164,0.0876896332817453,-0.00641627702204084,0.08831890877977602,-0.0066436508210881845,0.42482016981626164,0.09084049345080986,-0.008850343480619744,0.09151514875764483,-0.008845491649574598,0.42482016981626164,0.0917125182928077,-0.010896420679950185,0.09340242014703631,-0.010602031333722478
0.3181003174865519,0.011108966218201614,0.00398620391202023,,,0.3181003174865519,0.009115255309538613,0.004395549317009454,0.00918462155249913,0.0032581772385008373,0.3181003174865519,0.005193134019528256,0.002750759538065235,0.005507979028551736,0.002897855959390158,0.3181003174865519,0.04206967099967057,-3.0268394531354122e-05,0.04268253161252976,0.0008039037469518148,0.3181003174865519,0.0804493488290327,-0.003804764323804583,0.08096705210804436,-0.002920533150022137,0.3181003174865519,0.08729905737551971,-0.00556006969944614,0.08895336512041105,-0.005285591159795256,0.3181003174865519,0.09222949349148596,-0.007985632122037312,0.09261932352075758,-0.007524442088274706,0.3181003174865519,0.09574218930688674,-0.009638303751199274,0.09487897128108004,-0.009177659603476562
0.23818975457029237,0.01165999424395055,,,,0.23818975457029237,0.007850203598583917,0.004436929478766024,0.008265552308928255,0.003844158503824383,0.23818975457029237,0.0044531675000519305,0.0023915420932598057,0.004870563195499812,0.0027389151907090186,0.23818975457029237,0.04131488387730884,0.0006970252571759095,0.04218671582344565,0.0011659786454768152,0.23818975457029237,0.07984889452560674,-0.0032160455406228293,0.08093764565744707,-0.0019561075544389894,0.23818975457029237,0.08959280852316787,-0.0053573936238028134,0.08940385422415925,-0.004189375066136992,0.23818975457029237,0.09302932300539316,-0.007239532807948065,0.09354224418612607,-0.006431130278929968,0.23818975457029237,0.09562461879802038,-0.008118701382186505,0.096136999897069,-0.007952237157666776
0.17835367040982172,0.010293590234456551,,,,0.17835367040982172,0.006585171068831101,0.004693642965911352,0.007232743621535697,0.004258613654786924,0.17835367040982172,0.00411806302664956,0.001994360654605393,0.004301754236036143,0.002525043111600468,0.17835367040982172,0.04052768918498597,0.000519938646661789,0.04169332150073718,0.001365202673271998,0.17835367040982172,0.0804046866976358,-0.0022201541978541955,0.08082115648164323,-0.0012475169190471595,0.17835367040982172,0.08949824329469398,-0.004159608657182424,0.08972763302764403,-0.0033197221841565422,0.17835367040982172,0.09385995314623359,-0.006033058977520856,0.09433433235789901,-0.005531115397433433,0.17835367040982172,0.09632195946375238,-0.008025820934955732,0.09722234085111818,-0.006901322919421414
0.13354911845827427,0.007278319187910384,0.0043031419924397015,,,0.13354911845827427,0.005002819459325042,0.004425319938485394,0.006137348103697981,0.00449614003234979,0.13354911845827427,0.003685639075606104,0.001981153833854941,0.003807519410254591,0.002276934739151644,0.13354911845827427,0.040262032959157965,0.0014684694268239532,0.04123032049520409,0.001437152439314117,0.13354911845827427,0.08065012290722133,-0.0014609130860763393,0.0806658418290225,-0.0007479010065486349,0.13354911845827427,0.09005699978570375,-0.0026081945960292185,0.08996746544023512,-0.0026382900889407907,0.13354911845827427,0.09453592187927005,-0.0057376341942231915,0.09503159247774276,-0.004786934739071883,0.13354911845827427,0.09786476116645908,-0.0066908912376159296,0.09816946427055759,-0.005996990182845035
0.1,0.0046667253381746,,,,0.1,0.0040400909563311,0.0044280377632943,0.005028344798706882,0.004562554833945528,0.1,0.0037071069128521,0.0015522343798213,0.003388337409066331,0.002012634607113076,0.1,0.0412806048548238,0.0010730450296878,0.04081488388186207,0.0014153230168338115,0.1,0.0793488097543534,-0.000890488311756028,0.08050436873494637,-0.00041148104992514843,0.1,0.0894702110398428,-0.0027196965880876,0.09015325856894651,-0.002107723007328217,0.1,0.0952812179804574,-0.0053451157054583,0.09565698844661097,-0.004162404021695864,0.1,0.0980042404532035,-0.0055456384146468,0.09900240674278016,-0.005211411631887023
